'id','type','text'
1,ham,Go until jurong point
2,ham,Ok lar... Joking wif u oni...'
3,spam,Free entry in 2 a wkly comp to win FA Cup final tkts 21st May 2005. Text FA to 87121 to receive entry question(std txt rate)T&C's apply 08452810075over18's'
4,ham,U dun say so early hor... U c already then say...'
5,ham,Nah I don't think he goes to usf
6,spam,FreeMsg Hey there darling it's been 3 week's now and no word back! I'd like some fun you up for it still? Tb ok! XxX std chgs to send
7,ham,Even my brother is not like to speak with me. They treat me like aids patent.'
8,ham,As per your request 'Melle Melle (Oru Minnaminunginte Nurungu Vettam)' has been set as your callertune for all Callers. Press *9 to copy your friends Callertune'
9,spam,WINNER!! As a valued network customer you have been selected to receivea £900 prize reward! To claim call 09061701461. Claim code KL341. Valid 12 hours only.'
10,spam,Had your mobile 11 months or more? U R entitled to Update to the latest colour mobiles with camera for Free! Call The Mobile Update Co FREE on 08002986030'
11,ham,I'm gonna be home soon and i don't want to talk about this stuff anymore tonight
12,spam,SIX chances to win CASH! From 100 to 20
13,spam,URGENT! You have won a 1 week FREE membership in our £100
14,ham,I've been searching for the right words to thank you for this breather. I promise i wont take your help for granted and will fulfil my promise. You have been wonderful and a blessing at all times.'
15,ham,I HAVE A DATE ON SUNDAY WITH WILL!!'
16,spam,XXXMobileMovieClub: To use your credit
17,ham,Oh k...i'm watching here:)'
18,ham,Eh u remember how 2 spell his name... Yes i did. He v naughty make until i v wet.'
19,ham,Fine if thats the way u feel. Thats the way its gota b'
20,spam,England v Macedonia - dont miss the goals/team news. Txt ur national team to 87077 eg ENGLAND to 87077 Try:WALES
21,ham,Is that seriously how you spell his name?'
22,ham,I‘m going to try for 2 months ha ha only joking'
23,ham,So ü pay first lar... Then when is da stock comin...'
24,ham,Aft i finish my lunch then i go str down lor. Ard 3 smth lor. U finish ur lunch already?'
25,ham,Ffffffffff. Alright no way I can meet up with you sooner?'
26,ham,Just forced myself to eat a slice. I'm really not hungry tho. This sucks. Mark is getting worried. He knows I'm sick when I turn down pizza. Lol'
27,ham,Lol your always so convincing.'
28,ham,Did you catch the bus ? Are you frying an egg ? Did you make a tea? Are you eating your mom's left over dinner ? Do you feel my Love ?'
29,ham,I'm back &amp
30,ham,Ahhh. Work. I vaguely remember that! What does it feel like? Lol'
31,ham,Wait that's still not all that clear
32,ham,Yeah he got in at 2 and was v apologetic. n had fallen out and she was actin like spoilt child and he got caught up in that. Till 2! But we won't go there! Not doing too badly cheers. You? '
33,ham,K tell me anything about you.'
34,ham,For fear of fainting with the of all that housework you just did? Quick have a cuppa'
35,spam,Thanks for your subscription to Ringtone UK your mobile will be charged £5/month Please confirm by replying YES or NO. If you reply NO you will not be charged'
36,ham,Yup... Ok i go home look at the timings then i msg ü again... Xuhui going to learn on 2nd may too but her lesson is at 8am'
37,ham,Oops
38,ham,I see the letter B on my car'
39,ham,Anything lor... U decide...'
40,ham,Hello! How's you and how did saturday go? I was just texting to see if you'd decided to do anything tomo. Not that i'm trying to invite myself or anything!'
41,ham,Pls go ahead with watts. I just wanted to be sure. Do have a great weekend. Abiola'
42,ham,Did I forget to tell you ? I want you
43,spam,07732584351 - Rodger Burns - MSG = We tried to call you re your reply to our sms for a free nokia mobile + free camcorder. Please call now 08000930705 for delivery tomorrow'
44,ham,WHO ARE YOU SEEING?'
45,ham,Great! I hope you like your man well endowed. I am  &lt
46,ham,No calls..messages..missed calls'
47,ham,Didn't you get hep b immunisation in nigeria.'
48,ham,Fair enough
49,ham,Yeah hopefully
50,ham,U don't know how stubborn I am. I didn't even want to go to the hospital. I kept telling Mark I'm not a weak sucker. Hospitals are for weak suckers.'
51,ham,What you thinked about me. First time you saw me in class.'
52,ham,A gram usually runs like  &lt
53,ham,K fyi x has a ride early tomorrow morning but he's crashing at our place tonight'
54,ham,Wow. I never realized that you were so embarassed by your accomodations. I thought you liked it
55,spam,SMS. ac Sptv: The New Jersey Devils and the Detroit Red Wings play Ice Hockey. Correct or Incorrect? End? Reply END SPTV'
56,ham,Do you know what Mallika Sherawat did yesterday? Find out now @  &lt
57,spam,Congrats! 1 year special cinema pass for 2 is yours. call 09061209465 now! C Suprman V
58,ham,Sorry
59,ham,Tell where you reached'
60,ham,Yes..gauti and sehwag out of odi series.'
61,ham,Your gonna have to pick up a $1 burger for yourself on your way home. I can't even move. Pain is killing me.'
62,ham,Ha ha ha good joke. Girls are situation seekers.'
63,ham,Its a part of checking IQ'
64,ham,Sorry my roommates took forever
65,ham,Ok lar i double check wif da hair dresser already he said wun cut v short. He said will cut until i look nice.'
66,spam,As a valued customer
67,ham,"Today is ""song dedicated day.."" Which song will u dedicate for me? Send this to all ur valuable frnds but first rply me...'"
68,spam,Urgent UR awarded a complimentary trip to EuroDisinc Trav
69,spam,"Did you hear about the new ""Divorce Barbie""? It comes with all of Ken's stuff!'"
70,ham,I plane to give on this month end.'
71,ham,Wah lucky man... Then can save money... Hee...'
72,ham,Finished class where are you.'
73,ham,HI BABE IM AT HOME NOW WANNA DO SOMETHING? XX'
74,ham,K..k:)where are you?how did you performed?'
75,ham,U can call me now...'
76,ham,I am waiting machan. Call me once you free.'
77,ham,Thats cool. i am a gentleman and will treat you with dignity and respect.'
78,ham,I like you peoples very much:) but am very shy pa.'
79,ham,Does not operate after  &lt
80,ham,Its not the same here. Still looking for a job. How much do Ta's earn there.'
81,ham,Sorry
82,ham,K. Did you call me just now ah? '
83,ham,Ok i am on the way to home hi hi'
84,ham,You will be in the place of that man'
85,ham,Yup next stop.'
86,ham,I call you later
87,ham,For real when u getting on yo? I only need 2 more tickets and one more jacket and I'm done. I already used all my multis.'
88,ham,Yes I started to send requests to make it but pain came back so I'm back in bed. Double coins at the factory too. I gotta cash in all my nitros.'
89,ham,I'm really not up to it still tonight babe'
90,ham,Ela kano.
91,ham,Yeah do! Don‘t stand to close tho- you‘ll catch something!'
92,ham,Sorry to be a pain. Is it ok if we meet another night? I spent late afternoon in casualty and that means i haven't done any of y stuff42moro and that includes all my time sheets and that. Sorry. '
93,ham,Smile in Pleasure Smile in Pain Smile when trouble pours like Rain Smile when sum1 Hurts U Smile becoz SOMEONE still Loves to see u Smiling!!'
94,spam,Please call our customer service representative on 0800 169 6031 between 10am-9pm as you have WON a guaranteed £1000 cash or £5000 prize!'
95,ham,Havent planning to buy later. I check already lido only got 530 show in e afternoon. U finish work already?'
96,spam,"Your free ringtone is waiting to be collected. Simply text the password ""MIX"" to 85069 to verify. Get Usher and Britney. FML"
97,ham,Watching telugu movie..wat abt u?'
98,ham,i see. When we finish we have loads of loans to pay'
99,ham,"Hi. Wk been ok - on hols now! Yes on for a bit of a run. Forgot that i have hairdressers appointment at four so need to get home n shower beforehand. Does that cause prob for u?""'"
100,ham,I see a cup of coffee animation'
101,ham,Please don't text me anymore. I have nothing else to say.'
102,ham,Okay name ur price as long as its legal! Wen can I pick them up? Y u ave x ams xx'
103,ham,I'm still looking for a car to buy. And have not gone 4the driving test yet.'
104,ham,As per your request 'Melle Melle (Oru Minnaminunginte Nurungu Vettam)' has been set as your callertune for all Callers. Press *9 to copy your friends Callertune'
105,ham,wow. You're right! I didn't mean to do that. I guess once i gave up on boston men and changed my search location to nyc
106,ham,Umma my life and vava umma love you lot dear'
107,ham,Thanks a lot for your wishes on my birthday. Thanks you for making my birthday truly memorable.'
108,ham,Aight
109,ham,How would my ip address test that considering my computer isn't a minecraft server'
110,ham,I know! Grumpy old people. My mom was like you better not be lying. Then again I am always the one to play jokes...'
111,ham,Dont worry. I guess he's busy.'
112,ham,What is the plural of the noun research?'
113,ham,Going for dinner.msg you after.'
114,ham,I'm ok wif it cos i like 2 try new things. But i scared u dun like mah. Cos u said not too loud.'
115,spam,GENT! We are trying to contact you. Last weekends draw shows that you won a £1000 prize GUARANTEED. Call 09064012160. Claim Code K52. Valid 12hrs only. 150ppm'
116,ham,Wa
117,ham,As I entered my cabin my PA said
118,spam,You are a winner U have been specially selected 2 receive £1000 or a 4* holiday (flights inc) speak to a live operator 2 claim 0871277810910p/min (18+) '
119,ham,Goodo! Yes we must speak friday - egg-potato ratio for tortilla needed! '
120,ham,Hmm...my uncle just informed me that he's paying the school directly. So pls buy food.'
121,spam,PRIVATE! Your 2004 Account Statement for 07742676969 shows 786 unredeemed Bonus Points. To claim call 08719180248 Identifier Code: 45239 Expires'
122,spam,URGENT! Your Mobile No. was awarded £2000 Bonus Caller Prize on 5/9/03 This is our final try to contact U! Call from Landline 09064019788 BOX42WR29C
123,ham,here is my new address -apples&pairs&all that malarky'
124,spam,Todays Voda numbers ending 7548 are selected to receive a $350 award. If you have a match please call 08712300220 quoting claim code 4041 standard rates app'
125,ham,I am going to sao mu today. Will be done only at 12 '
126,ham,Ü predict wat time ü'll finish buying?'
127,ham,Good stuff
128,ham,Just so that you know
129,ham,Are you there in room.'
130,ham,HEY GIRL. HOW R U? HOPE U R WELL ME AN DEL R BAK! AGAIN LONG TIME NO C! GIVE ME A CALL SUM TIME FROM LUCYxx'
131,ham,K..k:)how much does it cost?'
132,ham,I'm home.'
133,ham,Dear
134,ham,First answer my question.'
135,spam,Sunshine Quiz Wkly Q! Win a top Sony DVD player if u know which country the Algarve is in? Txt ansr to 82277. £1.50 SP:Tyrone'
136,spam,Want 2 get laid tonight? Want real Dogging locations sent direct 2 ur mob? Join the UK's largest Dogging Network bt Txting GRAVEL to 69888! Nt. ec2a. 31p.msg@150p'
137,ham,I only haf msn. It's yijue@hotmail.com'
138,ham,He is there. You call and meet him'
139,ham,No no. I will check all rooms befor activities'
140,spam,You'll not rcv any more msgs from the chat svc. For FREE Hardcore services text GO to: 69988 If u get nothing u must Age Verify with yr network & try again'
141,ham,Got c... I lazy to type... I forgot ü in lect... I saw a pouch but like not v nice...'
142,ham,K
143,ham,Sir
144,ham,"A swt thought: ""Nver get tired of doing little things 4 lovable persons.."" Coz..somtimes those little things occupy d biggest part in their Hearts.. Gud ni8'"
145,ham,I know you are. Can you pls open the back?'
146,ham,Yes see ya not on the dot'
147,ham,Whats the staff name who is taking class for us?'
148,spam,FreeMsg Why haven't you replied to my text? I'm Randy
149,ham,Ummma.will call after check in.our life will begin from qatar so pls pray very hard.'
150,ham,K..i deleted my contact that why?'
151,ham,Sindu got job in birla soft ..'
152,ham,The wine is flowing and i'm i have nevering..'
153,ham,Yup i thk cine is better cos no need 2 go down 2 plaza mah.'
154,ham,Ok... Ur typical reply...'
155,ham,As per your request 'Melle Melle (Oru Minnaminunginte Nurungu Vettam)' has been set as your callertune for all Callers. Press *9 to copy your friends Callertune'
156,ham,You are everywhere dirt
157,ham,Aaooooright are you at work?'
158,ham,I'm leaving my house now...'
159,ham,Hello
160,spam,Customer service annoncement. You have a New Years delivery waiting for you. Please call 07046744435 now to arrange delivery'
161,spam,You are a winner U have been specially selected 2 receive £1000 cash or a 4* holiday (flights inc) speak to a live operator 2 claim 0871277810810'
162,ham,Keep yourself safe for me because I need you and I miss you already and I envy everyone that see's you in real life'
163,ham,New car and house for my parents.:)i have only new job in hand:)'
164,ham,I'm so in love with you. I'm excited each day i spend with you. You make me so happy.'
165,spam,-'PLS STOP bootydelious (32/F) is inviting you to be her friend. Reply YES-434 or NO-434 See her: www.SMS.ac/u/bootydelious STOP? Send STOP FRND to 62468'
166,spam,BangBabes Ur order is on the way. U SHOULD receive a Service Msg 2 download UR content. If U do not
167,ham,I place all ur points on e cultures module already.'
168,spam,URGENT! We are trying to contact you. Last weekends draw shows that you have won a £900 prize GUARANTEED. Call 09061701939. Claim code S89. Valid 12hrs only'
169,ham,Hi frnd
170,ham,Great escape. I fancy the bridge but needs her lager. See you tomo '
171,ham,Yes :)it completely in out of form:)clark also utter waste.'
172,ham,Sir
173,ham,Hmmm.. Thk sure got time to hop ard... Ya
174,ham,What time you coming down later? '
175,ham,Bloody hell
176,ham,Well
177,ham,Let me know when you've got the money so carlos can make the call'
178,ham,U still going to the mall?'
179,ham,Turns out my friends are staying for the whole show and won't be back til ~ &lt
180,ham,Text her. If she doesnt reply let me know so i can have her log in'
181,ham,Hi! You just spoke to MANEESHA V. We'd like to know if you were satisfied with the experience. Reply Toll Free with Yes or No.'
182,ham,You lifted my hopes with the offer of money. I am in need. Especially when the end of the month approaches and it hurts my studying. Anyways have a gr8 weekend'
183,ham,Lol no. U can trust me.'
184,ham,ok. I am a gentleman and will treat you with dignity and respect.'
185,ham,He will
186,ham,Going on nothing great.bye'
187,ham,Hello handsome ! Are you finding that job ? Not being lazy ? Working towards getting back that net for mummy ? Where's my boytoy now ? Does he miss me ?'
188,ham,Haha awesome
189,spam,Please call our customer service representative on FREEPHONE 0808 145 4742 between 9am-11pm as you have WON a guaranteed £1000 cash or £5000 prize!'
190,ham,Have you got Xmas radio times. If not i will get it now'
191,ham,I jus reached home. I go bathe first. But my sis using net tell u when she finishes k...'
192,spam,Are you unique enough? Find out from 30th August. www.areyouunique.co.uk'
193,ham,I'm sorry. I've joined the league of people that dont keep in touch. You mean a great deal to me. You have been a friend at all times even at great personal cost. Do have a great week.|'
194,ham,Hi :)finally i completed the course:)'
195,ham,It will stop on itself. I however suggest she stays with someone that will be able to give ors for every stool.'
196,ham,How are you doing? Hope you've settled in for the new school year. Just wishin you a gr8 day'
197,ham,Gud mrng dear hav a nice day'
198,ham,Did u got that persons story'
199,ham,is your hamster dead? Hey so tmr i meet you at 1pm orchard mrt? '
200,ham,Hi its Kate how is your evening? I hope i can see you tomorrow for a bit but i have to bloody babyjontet! Txt back if u can. :) xxx'
201,ham,Found it
202,ham,I sent you  &lt
203,ham,Hello darlin ive finished college now so txt me when u finish if u can love Kate xxx'
204,ham,Your account has been refilled successfully by INR  &lt
205,ham,Goodmorning sleeping ga.'
206,ham,U call me alter at 11 ok.'
207,ham,Ü say until like dat i dun buy ericsson oso cannot oredi lar...'
208,ham,As I entered my cabin my PA said
209,ham,Aight yo
210,ham,You please give us connection today itself before  &lt
211,ham,Both :) i shoot big loads so get ready!'
212,ham,What's up bruv
213,ham,Home so we can always chat'
214,ham,K:)k:)good:)study well.'
215,ham,Yup... How ü noe leh...'
216,ham,Sounds great! Are you home now?'
217,ham,Finally the match heading towards draw as your prediction.'
218,ham,Tired. I haven't slept well the past few nights.'
219,ham,Easy ah?sen got selected means its good..'
220,ham,I have to take exam with march 3'
221,ham,Yeah you should. I think you can use your gt atm now to register. Not sure but if there's anyway i can help let me know. But when you do be sure you are ready.'
222,ham,Ok no prob. Take ur time.'
223,ham,There is os called ubandu which will run without installing in hard disk...you can use that os to copy the important files in system and give it to repair shop..'
224,ham,Sorry
225,ham,U say leh... Of course nothing happen lar. Not say v romantic jus a bit only lor. I thk e nite scenery not so nice leh.'
226,spam,500 New Mobiles from 2004
227,ham,Would really appreciate if you call me. Just need someone to talk to.'
228,spam,Will u meet ur dream partner soon? Is ur career off 2 a flyng start? 2 find out free
229,ham,Hey company elama po mudyadhu.'
230,ham,Life is more strict than teacher... Bcoz Teacher teaches lesson &amp
231,ham,Dear good morning now only i am up'
232,ham,Get down in gandhipuram and walk to cross cut road. Right side &lt
233,ham,Dear we are going to our rubber place'
234,ham,Sorry battery died
235,ham,Yes:)here tv is always available in work place..'
236,spam,Text & meet someone sexy today. U can find a date or even flirt its up to U. Join 4 just 10p. REPLY with NAME & AGE eg Sam 25. 18 -msg recd@thirtyeight pence'
237,ham,I have printed it oh. So  &lt
238,ham,Or ill be a little closer like at the bus stop on the same street'
239,ham,Where are you?when wil you reach here?'
240,ham,New Theory: Argument wins d SITUATION
241,spam,U 447801259231 have a secret admirer who is looking 2 make contact with U-find out who they R*reveal who thinks UR so special-call on 09058094597'
242,ham,Tomarrow final hearing on my laptop case so i cant.'
243,ham,PLEASSSSSSSEEEEEE TEL ME V AVENT DONE SPORTSx'
244,ham,Okay. No no
245,ham,Although i told u dat i'm into baig face watches now but i really like e watch u gave cos it's fr u. Thanx 4 everything dat u've done today
246,ham,U don't remember that old commercial?'
247,ham,Too late. I said i have the website. I didn't i have or dont have the slippers'
248,ham,I asked you to call him now ok'
249,ham,Kallis wont bat in 2nd innings.'
250,ham,It didnt work again oh. Ok goodnight then. I.ll fix and have it ready by the time you wake up. You are very dearly missed have a good night sleep.'
251,spam,Congratulations ur awarded 500 of CD vouchers or 125gift guaranteed & Free entry 2 100 wkly draw txt MUSIC to 87066 TnCs www.Ldew.com1win150ppmx3age16'
252,ham,Ranjith cal drpd Deeraj and deepak 5min hold'
253,ham,Wen ur lovable bcums angry wid u
254,ham,What you doing?how are you?'
255,ham,Ups which is 3days also
256,ham,I'm back
257,ham,Don't necessarily expect it to be done before you get back though because I'm just now headin out'
258,ham,Mmm so yummy babe ... Nice jolt to the suzy'
259,ham,Where are you lover ? I need you ...'
260,spam,We tried to contact you re your reply to our offer of a Video Handset? 750 anytime networks mins? UNLIMITED TEXT? Camcorder? Reply or call 08000930705 NOW'
261,ham,I‘m parked next to a MINI!!!! When are you coming in today do you think?'
262,ham,Yup'
263,ham,Anyway i'm going shopping on my own now. Cos my sis not done yet. Dun disturb u liao.'
264,ham,MY NO. IN LUTON 0125698789 RING ME IF UR AROUND! H*'
265,spam,Hey I am really horny want to chat or see me naked text hot to 69698 text charged at 150pm to unsubscribe text stop 69698'
266,ham,Why you Dint come with us.'
267,ham,Same. Wana plan a trip sometme then'
268,ham,Not sure yet
269,spam,Ur ringtone service has changed! 25 Free credits! Go to club4mobiles.com to choose content now! Stop? txt CLUB STOP to 87070. 150p/wk Club4 PO Box1146 MK45 2WT'
270,ham,The evo. I just had to download flash. Jealous?'
271,spam,Ringtone Club: Get the UK singles chart on your mobile each week and choose any top quality ringtone! This message is free of charge.'
272,ham,Come to mu
273,ham,Night has ended for another day
274,spam,HMV BONUS SPECIAL 500 pounds of genuine HMV vouchers to be won. Just answer 4 easy questions. Play Now! Send HMV to 86688 More info:www.100percent-real.com'
275,ham,Usf I guess
276,ham,No objection. My bf not coming.'
277,ham,Thanx...'
278,ham,Tell rob to mack his gf in the theater'
279,ham,Awesome
280,ham,Just sent it. So what type of food do you like?'
281,ham,All done? All handed in? Celebrations in full swing yet?'
282,ham,You got called a tool?'
283,ham,
284,ham,Great comedy..cant stop laughing da:)'
285,spam,FreeMsg:Feelin kinda lnly hope u like 2 keep me company! Jst got a cam moby wanna c my pic?Txt or reply DATE to 82242 Msg150p 2rcv Hlp 08712317606 stop to 82242'
286,ham,Alright
287,ham,Hi
288,ham,Sleeping nt feeling well'
289,ham,U WILL SWITCH YOUR FONE ON DAMMIT!!'
290,ham,India have to take lead:)'
291,ham,I.ll post her out l8r. In class'
292,ham,Thts wat Wright Brother did to fly..'
293,ham,Evening * v good if somewhat event laden. Will fill you in
294,ham,If u laugh really loud.. If u talk spontaneously.. If u dont care what others feel.. U are probably with your dear &amp
295,ham,ITS A LAPTOP TAKE IT WITH YOU.'
296,ham,I dont have any of your file in my bag..i was in work when you called me.i 'll tell you if i find anything in my room.'
297,ham,I wan but too early lei... Me outside now wun b home so early... Neva mind then...'
298,spam,For ur chance to win a £250 cash every wk TXT: ACTION to 80608. T's&C's www.movietrivia.tv custcare 08712405022
299,ham,I was at bugis juz now wat... But now i'm walking home oredi... Ü so late then reply... I oso saw a top dat i like but din buy... Where r ü now? '
300,ham,"Wishing you and your family Merry ""X"" mas and HAPPY NEW Year in advance..'"
301,ham,At 7 we will go ok na.'
302,ham,Yes I posted a couple of pics on fb. There's still snow outside too. I'm just waking up :)'
303,ham,S:-)if we have one good partnership going we will take lead:)'
304,spam,RGENT! This is the 2nd attempt to contact U!U have WON £1250 CALL 09071512433 b4 050703 T&CsBCM4235WC1N3XX. callcost 150ppm mobilesvary. max£7. 50'
305,ham,Yeah
306,ham,No just send to you. Bec you in temple na.'
307,ham,You aren't coming home between class
308,spam,Hi if ur lookin 4 saucy daytime fun wiv busty married woman Am free all next week Chat now 2 sort time 09099726429 JANINExx Calls£1/minMobsmoreLKPOBOX177HP51FL'
309,ham,S but mostly not like that.'
310,ham,Ü v ma fan...'